-- MySQL dump 10.13  Distrib 5.5.60, for debian-linux-gnu (i686)
--
-- Host: mysli.oamk.fi    Database: opisk_c8hape00
-- ------------------------------------------------------
-- Server version	5.5.60-0+deb8u1

/*!40101 SET @OLD_CHARACTER_SET_CLIENT=@@CHARACTER_SET_CLIENT */;
/*!40101 SET @OLD_CHARACTER_SET_RESULTS=@@CHARACTER_SET_RESULTS */;
/*!40101 SET @OLD_COLLATION_CONNECTION=@@COLLATION_CONNECTION */;
/*!40101 SET NAMES utf8 */;
/*!40103 SET @OLD_TIME_ZONE=@@TIME_ZONE */;
/*!40103 SET TIME_ZONE='+00:00' */;
/*!40014 SET @OLD_UNIQUE_CHECKS=@@UNIQUE_CHECKS, UNIQUE_CHECKS=0 */;
/*!40014 SET @OLD_FOREIGN_KEY_CHECKS=@@FOREIGN_KEY_CHECKS, FOREIGN_KEY_CHECKS=0 */;
/*!40101 SET @OLD_SQL_MODE=@@SQL_MODE, SQL_MODE='NO_AUTO_VALUE_ON_ZERO' */;
/*!40111 SET @OLD_SQL_NOTES=@@SQL_NOTES, SQL_NOTES=0 */;

--
-- Table structure for table `asiakas`
--

DROP TABLE IF EXISTS `asiakas`;
/*!40101 SET @saved_cs_client     = @@character_set_client */;
/*!40101 SET character_set_client = utf8 */;
CREATE TABLE `asiakas` (
  `asiakasID` int(11) NOT NULL AUTO_INCREMENT,
  `etunimi` varchar(45) DEFAULT NULL,
  `sukunimi` varchar(45) DEFAULT NULL,
  `osoite` varchar(45) DEFAULT NULL,
  `postinumero` int(11) DEFAULT NULL,
  `postitoimipaikka` varchar(45) DEFAULT NULL,
  PRIMARY KEY (`asiakasID`)
) ENGINE=InnoDB AUTO_INCREMENT=9 DEFAULT CHARSET=utf8;
/*!40101 SET character_set_client = @saved_cs_client */;

--
-- Dumping data for table `asiakas`
--

LOCK TABLES `asiakas` WRITE;
/*!40000 ALTER TABLE `asiakas` DISABLE KEYS */;
INSERT INTO `asiakas` VALUES (1,'Tom','Jablonski','305 - 14th Ave. S. Suite 3B',98128,'Oulu'),(2,'Zbyszek','Wolski','ul. Filtrowa 68',1012,'Walla'),(3,'Karl','Erichsen','Skagen 21',25506,'Stavanger'),(4,'Khloe','Espinoza','Duncannon St 99',4006,'London'),(5,'Maddie','Fletcher','Cockspur St 101A',1991,'Manchester'),(6,'Ebony','Ireland','Pall Mall Ave. 1021',14006,'Berlin'),(7,'Athena','Christensen','Suffolkgatan 1 B 25',25060,'Göteborg'),(8,'Zuzanna','Espinoza','Mannerheimintie 38',90110,'Helsinki');
/*!40000 ALTER TABLE `asiakas` ENABLE KEYS */;
UNLOCK TABLES;

--
-- Table structure for table `elasku`
--

DROP TABLE IF EXISTS `elasku`;
/*!40101 SET @saved_cs_client     = @@character_set_client */;
/*!40101 SET character_set_client = utf8 */;
CREATE TABLE `elasku` (
  `elaskuID` int(11) NOT NULL AUTO_INCREMENT,
  `saajannimi` varchar(45) DEFAULT NULL,
  `iban` varchar(18) DEFAULT NULL,
  `bic` varchar(12) DEFAULT NULL,
  `viite` varchar(45) DEFAULT NULL,
  `viesti` varchar(45) DEFAULT NULL,
  `maara` decimal(20,2) DEFAULT NULL,
  `asiakasid` int(11) NOT NULL,
  `aika` datetime DEFAULT NULL,
  `erapaiva` date DEFAULT NULL,
  PRIMARY KEY (`elaskuID`),
  KEY `fk_elasku_asiakas_idx` (`asiakasid`),
  CONSTRAINT `fk_elasku_asiakas` FOREIGN KEY (`asiakasid`) REFERENCES `asiakas` (`asiakasID`) ON DELETE NO ACTION ON UPDATE NO ACTION
) ENGINE=InnoDB AUTO_INCREMENT=21 DEFAULT CHARSET=utf8;
/*!40101 SET character_set_client = @saved_cs_client */;

--
-- Dumping data for table `elasku`
--

LOCK TABLES `elasku` WRITE;
/*!40000 ALTER TABLE `elasku` DISABLE KEYS */;
INSERT INTO `elasku` VALUES (3,'Oulun Vesi Oy','FI5166896742','DABAFIHH','485966483','Vesilasku 09-10/2018',92.70,1,'2018-09-22 18:32:29','2018-10-22'),(5,'Vakuuttajat Oy','FI495094200230','OKOYFIHH','1234567890','Vakuutusmaksu osa 3',23.11,2,'2018-09-19 12:53:07','2018-10-19'),(6,'Oulun Sahko','FI9836478348','APANKKI','8373538494','Sahkolasku Syyskuu 2018',58.12,2,'2018-09-21 16:23:20','2018-10-24'),(8,'Oulun Musakoulu Oy','FI3664578544','ABOOFIHH','3756684999','Pianokoulun terkut',28.94,3,'2018-09-25 19:25:55','2018-10-29'),(9,'Luottokunta','FI495094200230','OKOYFIHH','1234567890','Luottolasku osa 3',234.20,4,'2018-09-19 12:53:07','2018-10-19'),(10,'Sahkofirma Pulju','FI9836478348','APANKKI','8373538494','Sahkolasku Syyskuu 2018',58.12,5,'2018-09-21 16:23:20','2018-10-24'),(11,'Kiimingin Vesi Oy','FI5166896742','DABAFIHH','485966483','Vesilasku 09-10/2018',12.45,6,'2018-09-22 18:32:29','2018-10-22'),(12,'Oulun Musakoulu Oy','FI3664578544','ABOOFIHH','3756684999','Pianokoulun terkut',33.94,6,'2018-09-25 19:25:55','2018-10-29'),(13,'Luottolasku','FI495094200230','OKOYFIHH','1234567890','Luottolasku osa 3',218.20,7,'2018-09-19 12:53:07','2018-10-19'),(14,'Sahkofirma Pulju','FI9836478348','APANKKI','8373538494','Sahkolasku Syyskuu 2018',23.25,7,'2018-09-21 16:23:20','2018-10-24'),(15,'Oulunsalon Vesi Oy','FI5166896742','DABAFIHH','485966483','Vesilasku 09-10/2018',45.70,7,'2018-09-22 18:32:29','2018-10-22'),(16,'Pianokoulu Oy','FI3664578544','ABOOFIHH','3756684999','Pianokoulun terkut',75.75,7,'2018-09-25 19:25:55','2018-10-29'),(17,'Luottolasku','FI495094200230','OKOYFIHH','1234567890','Luottolasku osa 3',218.20,8,'2018-09-19 12:53:07','2018-10-19'),(18,'Tietokone Lehti','FI9836478348','APANKKI','8373538494','Lehti 2018',23.25,8,'2018-09-21 16:23:20','2018-11-24'),(19,'Roskispojat Oy','FI5166896742','DABAFIHH','485966483','Roskalasku 09-10/2018',45.70,8,'2018-10-03 18:32:29','2018-11-22'),(20,'Verottaja Oy','FI3664578544','ABOOFIHH','3756684999','Terkut Hesasta',75.75,8,'2018-07-25 19:25:55','2018-11-29');
/*!40000 ALTER TABLE `elasku` ENABLE KEYS */;
UNLOCK TABLES;

--
-- Table structure for table `luottotapahtumat`
--

DROP TABLE IF EXISTS `luottotapahtumat`;
/*!40101 SET @saved_cs_client     = @@character_set_client */;
/*!40101 SET character_set_client = utf8 */;
CREATE TABLE `luottotapahtumat` (
  `luottotapahtumaID` int(11) NOT NULL AUTO_INCREMENT,
  `saajannimi` varchar(45) DEFAULT NULL,
  `iban` varchar(18) DEFAULT NULL,
  `bic` varchar(12) DEFAULT NULL,
  `viite` varchar(45) DEFAULT NULL,
  `maara` decimal(20,2) DEFAULT NULL,
  `pankkikorttiID` int(11) NOT NULL,
  `aika` datetime DEFAULT NULL,
  PRIMARY KEY (`luottotapahtumaID`),
  KEY `fk_tilitapahtumat_tili1_idx` (`pankkikorttiID`),
  CONSTRAINT `fk_tilitapahtumat2_tili1` FOREIGN KEY (`pankkikorttiID`) REFERENCES `pankkikortit` (`pankkikorttiID`) ON DELETE NO ACTION ON UPDATE NO ACTION
) ENGINE=InnoDB AUTO_INCREMENT=44 DEFAULT CHARSET=utf8;
/*!40101 SET character_set_client = @saved_cs_client */;

--
-- Dumping data for table `luottotapahtumat`
--

LOCK TABLES `luottotapahtumat` WRITE;
/*!40000 ALTER TABLE `luottotapahtumat` DISABLE KEYS */;
/*!40000 ALTER TABLE `luottotapahtumat` ENABLE KEYS */;
UNLOCK TABLES;

--
-- Table structure for table `pankkikortit`
--

DROP TABLE IF EXISTS `pankkikortit`;
/*!40101 SET @saved_cs_client     = @@character_set_client */;
/*!40101 SET character_set_client = utf8 */;
CREATE TABLE `pankkikortit` (
  `pankkikorttiID` int(11) NOT NULL AUTO_INCREMENT,
  `pankkikortinnimi` varchar(45) DEFAULT NULL,
  `voimassaolo` date DEFAULT NULL,
  `kortinnumero` double NOT NULL,
  `luottoraja` double NOT NULL,
  `asiakasid` int(11) NOT NULL,
  `tili_tiliID` int(11) NOT NULL,
  PRIMARY KEY (`pankkikorttiID`),
  KEY `fk_pankkikortit_asiakas_idx` (`asiakasid`),
  KEY `fk_pankkikortit_tili1_idx` (`tili_tiliID`),
  CONSTRAINT `fk_pankkikortit_asiakas` FOREIGN KEY (`asiakasid`) REFERENCES `asiakas` (`asiakasID`) ON DELETE NO ACTION ON UPDATE NO ACTION,
  CONSTRAINT `fk_pankkikortit_tili1` FOREIGN KEY (`tili_tiliID`) REFERENCES `tili` (`tiliID`) ON DELETE NO ACTION ON UPDATE NO ACTION
) ENGINE=InnoDB AUTO_INCREMENT=20 DEFAULT CHARSET=utf8;
/*!40101 SET character_set_client = @saved_cs_client */;

--
-- Dumping data for table `pankkikortit`
--

LOCK TABLES `pankkikortit` WRITE;
/*!40000 ALTER TABLE `pankkikortit` DISABLE KEYS */;
INSERT INTO `pankkikortit` VALUES (1,'Tomin masteri','2020-09-19',63727848493,1000,1,1),(2,'Tomin visa','2024-09-21',93863673894,5000,1,2),(3,'Visa','2022-09-19',65374848432,12000,2,3),(4,'American Express','2025-12-19',2938647689,2000,2,4),(5,'Master Card','2019-12-27',736384637348,5000,2,5),(6,'Karls Only Card','2020-10-30',837638249348,5000,3,6),(7,'Khloe Card-1','2020-10-09',75382919448994,50000,4,8),(8,'Khloe Card-2','2021-11-07',3892736588578,1000,4,9),(9,'Maddies Master Card','2021-11-22',3892736588578,4000,5,11),(10,'Maddies Visa Card','2021-01-17',938363884799398,5000,5,11),(11,'Ebony Visa Card','2021-01-05',33488476583864,5000,6,13),(12,'Ebony Visa Card','2022-01-07',384643884873889,6000,6,14),(13,'Athena One','2022-01-11',235254436456654,6000,7,15),(14,'Athena Two','2022-05-24',3657655765677,9000,7,16),(15,'Athena Three','2021-02-16',523453446665655,3000,7,17),(16,'Zuzanna-1','2023-02-16',93834646938864,3000,8,18),(17,'Zuzanna-2','2021-07-19',7383487464638,9000,8,19),(18,'Zuzanna-3','2019-02-13',73745282939449,6000,8,20),(19,'Zuzanna-4','2018-12-22',52626365483834,13000,8,21);
/*!40000 ALTER TABLE `pankkikortit` ENABLE KEYS */;
UNLOCK TABLES;

--
-- Table structure for table `tapahtumat`
--

DROP TABLE IF EXISTS `tapahtumat`;
/*!40101 SET @saved_cs_client     = @@character_set_client */;
/*!40101 SET character_set_client = utf8 */;
CREATE TABLE `tapahtumat` (
  `tapahtumaid` int(11) NOT NULL AUTO_INCREMENT,
  `tapahtuma` varchar(45) DEFAULT NULL,
  PRIMARY KEY (`tapahtumaid`)
) ENGINE=InnoDB AUTO_INCREMENT=4 DEFAULT CHARSET=utf8;
/*!40101 SET character_set_client = @saved_cs_client */;

--
-- Dumping data for table `tapahtumat`
--

LOCK TABLES `tapahtumat` WRITE;
/*!40000 ALTER TABLE `tapahtumat` DISABLE KEYS */;
INSERT INTO `tapahtumat` VALUES (1,'E-Lasku'),(2,'Korttiosto'),(3,'Itsepalvelu');
/*!40000 ALTER TABLE `tapahtumat` ENABLE KEYS */;
UNLOCK TABLES;

--
-- Table structure for table `tili`
--

DROP TABLE IF EXISTS `tili`;
/*!40101 SET @saved_cs_client     = @@character_set_client */;
/*!40101 SET character_set_client = utf8 */;
CREATE TABLE `tili` (
  `tiliID` int(11) NOT NULL AUTO_INCREMENT,
  `tilinnimi` varchar(45) DEFAULT NULL,
  `tilinumero` varchar(18) DEFAULT NULL,
  `saldo` decimal(65,2) DEFAULT NULL,
  `iban` varchar(18) DEFAULT NULL,
  `bic` varchar(12) DEFAULT NULL,
  `omistajaID` int(11) NOT NULL,
  PRIMARY KEY (`tiliID`),
  KEY `fk_tili_asiakas1_idx` (`omistajaID`),
  CONSTRAINT `fk_tili_asiakas1` FOREIGN KEY (`omistajaID`) REFERENCES `asiakas` (`asiakasID`) ON DELETE NO ACTION ON UPDATE NO ACTION
) ENGINE=InnoDB AUTO_INCREMENT=22 DEFAULT CHARSET=utf8;
/*!40101 SET character_set_client = @saved_cs_client */;

--
-- Dumping data for table `tili`
--

LOCK TABLES `tili` WRITE;
/*!40000 ALTER TABLE `tili` DISABLE KEYS */;
INSERT INTO `tili` VALUES (1,'Tomin tili','987654-64758654',320.25,'FI4347564758654889','APANKKI',1),(2,'Tomin toinen tili','987654-23567345',1278.26,'FI4347564758676128','APANKKI',1),(3,'Zbyszek tili yksi','987654-62563267',22510.90,'FI4389763256842454','APANKKI',2),(4,'Zbyszek tili kaksi','987654-87334567',8099.25,'PL7398286378998636','APANKKI',2),(5,'Zbyszek tili kolme','987654-93859495',850.83,'PL7398232837688636','APANKKI',2),(6,'Karls Account','987654-4677332444',2010.28,'FI4386133546852158','APANKKI',3),(7,'Karls Second Account','987654-325662322',18978.40,'FI8736893949874158','APANKKI',3),(8,'Khloe saastotili','987654-13455233',29832.02,'FI235544758654899','APANKKI',4),(9,'Khloe tuhlaustili','987654-33443256',10990.52,'FI4347123758654899','APANKKI',4),(10,'Khloe piilorahat','987654-233345553',232.90,'FI4347564758234526','APANKKI',4),(11,'Maddien Jemma','987654-177733344',13232.10,'FI4347564758234526','APANKKI',5),(12,'Maddien Tili','987654-76345533',6232.22,'FI1983797368234526','APANKKI',5),(13,'Ebony yksi','987654-78764454',1290.25,'UK7553288998736768','APANKKI',6),(14,'Ebony kaksi','987654-23334455',22290.10,'UK7553286293987362','APANKKI',6),(15,'Athena-1','987654-77642345',9111.93,'UK7553286293987362','APANKKI',7),(16,'Athena-2','987654-44676786',43768.52,'UK7329275353838735','APANKKI',7),(17,'Athena-3','987654-45622233',90170.10,'UK9086178253567288','APANKKI',7),(18,'Zuzas Account 1','987654-67764422',10927.68,'SE9009297738003772','APANKKI',8),(19,'Zuzas Account 2','987654-55700656',1027.25,'SE9009297009820272','APANKKI',8),(20,'Zuzas Account 3','987654-22455609',22901.52,'SE9018202748020300','APANKKI',8),(21,'Zuzas Account 4','987654-70076000',927.52,'SE9092837932826500','APANKKI',8);
/*!40000 ALTER TABLE `tili` ENABLE KEYS */;
UNLOCK TABLES;

--
-- Table structure for table `tilitapahtumat`
--

DROP TABLE IF EXISTS `tilitapahtumat`;
/*!40101 SET @saved_cs_client     = @@character_set_client */;
/*!40101 SET character_set_client = utf8 */;
CREATE TABLE `tilitapahtumat` (
  `tilitapahtumaID` int(11) NOT NULL AUTO_INCREMENT,
  `saajannimi` varchar(45) DEFAULT NULL,
  `iban` varchar(18) DEFAULT NULL,
  `bic` varchar(12) DEFAULT NULL,
  `viite` varchar(45) DEFAULT NULL,
  `viesti` varchar(45) DEFAULT NULL,
  `maara` decimal(20,2) DEFAULT NULL,
  `tiliID` int(11) NOT NULL,
  `tapahtumaid` int(11) NOT NULL,
  `aika` datetime DEFAULT NULL,
  `erapaiva` date DEFAULT NULL,
  PRIMARY KEY (`tilitapahtumaID`),
  KEY `fk_tilitapahtumat_tili1_idx` (`tiliID`),
  KEY `fk_tilitapahtumat_tapahtumat1_idx` (`tapahtumaid`),
  CONSTRAINT `fk_tilitapahtumat_tapahtumat1` FOREIGN KEY (`tapahtumaid`) REFERENCES `tapahtumat` (`tapahtumaid`) ON DELETE NO ACTION ON UPDATE NO ACTION,
  CONSTRAINT `fk_tilitapahtumat_tili1` FOREIGN KEY (`tiliID`) REFERENCES `tili` (`tiliID`) ON DELETE NO ACTION ON UPDATE NO ACTION
) ENGINE=InnoDB AUTO_INCREMENT=312 DEFAULT CHARSET=utf8;
/*!40101 SET character_set_client = @saved_cs_client */;

--
-- Dumping data for table `tilitapahtumat`
--

LOCK TABLES `tilitapahtumat` WRITE;
/*!40000 ALTER TABLE `tilitapahtumat` DISABLE KEYS */;
INSERT INTO `tilitapahtumat` VALUES (1,'Masa Jokinen','FI49509420028730','OKOYFIHH','12348765','Isille rahaa',-200.20,1,1,'2018-08-19 00:00:00',NULL),(2,'Matti Mainio','FI495000942003','DABAFIHH','987654321','Olut massit',-108.50,2,3,'2018-07-19 00:00:00',NULL),(3,'Kalle Katala','FI4650119028733','APANKKI','100225','Rahaa tulee',-45.20,3,1,'2018-04-19 00:00:00',NULL),(4,'Liisa Luopio','FI465322354463','NDEAFIHH','387624','Osto',-2.24,4,1,'2018-06-19 00:00:00',NULL),(5,'Tiina Tuomi','FI4650645224528733','APANKKI','134525','Lahjaksi',-5.30,5,3,'2018-05-19 00:00:00',NULL),(6,'Janne Jalka','FI465623234546623','DABAFIHH','25564563',NULL,-52.10,6,1,'2018-09-19 00:00:00',NULL),(7,'Onni Onnela','FI46501194133','APANKKI',NULL,'Kalliiksi kavi',-12.50,7,1,'2018-08-19 00:00:00',NULL),(8,'Kalle Koski','FI4650152254432','DABAFIHH',NULL,'Terkut',-41.20,8,2,'2018-08-19 00:00:00',NULL),(9,'Miina Mainio','FI14589656884','OKOYFIHH','12348765','Otolle rahaa',-20.20,1,1,'2018-05-19 00:00:00',NULL),(10,'Minna Jokinen','FI1321468556','DABAFIHH','987654321','Sixpack massit',-1023.00,2,3,'2018-03-19 00:00:00',NULL),(11,'Kaija Katala','FI1322543467','APANKKI','100225','Rahaa menee',-43.20,3,3,'2018-01-19 00:00:00',NULL),(12,'Liisa Luopio','FI11942002803','OKOYFIHH','387624','Osto kaksi',-12.24,4,1,'2018-09-19 00:00:00',NULL),(13,'Tommi Tuomi','FI469420028003','APANKKI','134525','Kalliiksi kavi',-5.30,5,1,'2018-07-19 00:00:00',NULL),(14,'Jenna Jalka','FI46501194233','DABAFIHH','25564563',NULL,-122.10,6,3,'2018-04-19 00:00:00',NULL),(15,'Olavi Onnela','FI4650119433','APANKKI',NULL,'Lahjaksi',-72.50,7,1,'2018-04-19 00:00:00',NULL),(16,'Kille Koski','FI4123119733','DABAFIHH',NULL,'Hepalle',-64.20,8,2,'2018-06-19 00:00:00',NULL),(17,'Viljami Vainio','FI495094200230','OKOYFIHH','12348765','Isille rahaa',-120.20,9,3,'2018-04-19 00:00:00',NULL),(18,'Martti Muurila','FI49500092003','DABAFIHH','987654321','Olut massit',-18.50,9,2,'2018-05-19 00:00:00',NULL),(19,'Sinikka Suo','FI4650119028733','NDEAFIHH','100225','Rahaa tulee',-25.67,10,3,'2018-06-19 00:00:00',NULL),(20,'Helena Helli','FI465322354463','OKOYFIHH','387624','Osto',-12.25,10,1,'2018-07-19 00:00:00',NULL),(21,'Pasi Penni','FI4650645224528733','APANKKI','134525','Kalliiksi kavi',-25.53,11,2,'2018-03-19 00:00:00',NULL),(22,'Tuomo Tuomi','FI465623234546623','DABAFIHH','25564563',NULL,-27.45,11,1,'2018-03-19 00:00:00',NULL),(23,'Leino Lanne','FI46501194133','APANKKI',NULL,'Kalliiksi kavi',-26.50,12,1,'2018-02-19 00:00:00',NULL),(24,'Minttu Miina','FI4650152254432','NDEAFIHH',NULL,'Terkut',-85.20,12,2,'2018-05-19 00:00:00',NULL),(25,'Lassi Luopio','FI14589656884','OKOYFIHH','12348765','Kissalle rahaa',-46.20,13,3,'2018-08-19 00:00:00',NULL),(26,'Eija Elin','FI1321468556','DABAFIHH','987654321','Lahjaksi',-258.00,13,2,'2018-03-19 00:00:00',NULL),(27,'Susanna Sala','FI1322543467','APANKKI','100225','Rahaa menee',-35.20,14,3,'2018-02-19 00:00:00',NULL),(28,'Minttu Suo','FI11942002803','NDEAFIHH','387624','Osto kaksi',-85.83,14,1,'2018-05-19 00:00:00',NULL),(29,'Helena Tuomi','FI469420028003','APANKKI','134525','Kalliiksi kavi',-65.34,15,3,'2018-07-19 00:00:00',NULL),(30,'Martti Vainio','FI46501194233','DABAFIHH','25564563',NULL,-410.45,16,3,'2018-08-19 00:00:00',NULL),(31,'Viljami Miina','FI4650119433','NDEAFIHH',NULL,'Halpaa ku saippua',-50.50,17,1,'2018-08-19 00:00:00',NULL),(32,'Tuomo Matala','FI4123119733','DABAFIHH',NULL,'Koiralle',-49.56,18,2,'2018-07-19 00:00:00',NULL),(33,'Martti Miina','FI4650152254432','NDEAFIHH',NULL,'Terkut',-85.20,19,3,'2018-05-19 00:00:00',NULL),(34,'Tuomo Luopio','FI14589656884','OKOYFIHH','12348765','Otolle rahaa',-46.20,19,1,'2018-08-19 00:00:00',NULL),(35,'Helena Elin','FI1321468556','DABAFIHH','987654321','Sixpack massit',-258.00,20,2,'2018-03-19 00:00:00',NULL),(36,'Liisa Sala','FI1322543467','APANKKI','100225','Rahaa',-35.20,20,3,'2018-02-19 00:00:00',NULL),(37,'Pekka Suo','FI11942002803','OKOYFIHH','387624','Osto kolme',-85.83,21,3,'2018-05-19 00:00:00',NULL),(38,'Kille Tuomi','FI469420028003','NDEAFIHH','134525','Kalliiksi kavi',-65.34,21,2,'2018-07-19 00:00:00',NULL),(39,'Heini Vainio','FI46501194233','DABAFIHH','25564563',NULL,-410.45,21,3,'2018-08-19 00:00:00',NULL),(40,'Voitto Miina','FI4650119433','APANKKI',NULL,'Halpaa ku saippua',-50.50,21,1,'2018-08-19 00:00:00',NULL),(41,'Jami Katala','FI4123119733','NDEAFIHH',NULL,'Kalaan',-49.56,21,3,'2018-07-19 00:00:00',NULL),(43,'Vakuuttajat Oy','FI495094200230','APANKKI','1234567890','Vakuutusmaksu osa 3',-318.20,2,1,'2018-10-02 00:00:00','2018-10-19'),(44,'Tom Jablonski','FI4347564758676128','APANKKI','','Massimies',-200.00,2,3,'2018-10-03 00:00:00','2003-10-20'),(45,'Tom Jablonski','FI4347564758654889','APANKKI','','Massimies',200.00,1,3,'2018-10-03 00:00:00','2003-10-20'),(46,'Haukiputaan Vesi Oy','FI5166896742','APANKKI','485966483','Vesilasku 09-10/2018',-35.70,7,1,'2018-10-04 00:00:00','2022-10-20'),(47,'Sahkofirma Pulju','FI9836478348','APANKKI','8373538494','Sahkolasku Syyskuu 2018',-58.12,2,1,'2018-10-05 00:00:00','2024-10-20'),(48,'Zbyszek Wolski','FI4389763256842454','APANKKI','','Massia',-500.00,3,3,'2018-10-05 00:00:00','2005-10-20'),(49,'Zbyszek Wolski','PL7398232837688636','APANKKI','','Massia',500.00,5,3,'2018-10-05 00:00:00','2005-10-20'),(50,'Oulun Pianokoulu Oy','FI3664578544','APANKKI','3756684999','Pianokoulun terkut',-63.94,2,1,'2018-10-07 07:23:26','2029-10-20'),(51,'Masa Mainio','FI4347564758676128','APANKKI','','Jepulis',-2.00,2,3,'2018-10-07 07:26:58','2007-10-20'),(52,'Matti Mainio','FI49509420028744','OKOYFIHH','','Siirto 1',-20.00,1,1,'2018-10-07 20:08:50',NULL),(53,'Matti Mainio','FI49509420028744','OKOYFIHH','','Siirto 2',-22.00,1,1,'2018-10-07 20:16:25',NULL),(54,'Matti Mainio','FI49509420028744','OKOYFIHH','','Siirto 3',-23.00,1,1,'2018-10-07 20:16:25',NULL),(55,'Matti Mainio','FI49509420028744','OKOYFIHH','','Siirto 4',-24.00,1,1,'2018-10-07 20:16:25',NULL),(56,'Matti Mainio','FI49509420028744','OKOYFIHH','','Siirto 5',-25.00,1,1,'2018-10-07 20:16:25',NULL),(57,'Matti Mainio','FI49509420028744','OKOYFIHH','','Siirto 6',-26.00,1,1,'2018-10-07 20:16:25',NULL),(58,'Matti Mainio','FI49509420028744','OKOYFIHH','','Siirto 7',-27.00,1,1,'2018-10-07 20:16:25',NULL),(59,'Matti Mainio','FI49509420028744','OKOYFIHH','','Siirto 8',-28.00,1,1,'2018-10-07 20:16:25',NULL),(60,'Matti Mainio','FI49509420028744','OKOYFIHH','','Siirto 9',-29.00,1,1,'2018-10-07 20:16:25',NULL),(61,'Matti Mainio','FI49509420028744','OKOYFIHH','','Siirto 10',-210.00,1,1,'2018-10-07 20:16:25',NULL),(62,'Matti Mainio','FI49509420028744','OKOYFIHH','','Siirto 11',-211.00,1,1,'2018-10-07 20:16:25',NULL),(63,'Matti Mainio','FI49509420028744','OKOYFIHH','','Siirto 12',-212.00,1,1,'2018-10-07 20:16:25',NULL),(64,'Matti Mainio','FI49509420028744','OKOYFIHH','','Siirto 13',-213.00,1,1,'2018-10-07 20:16:25',NULL),(65,'Matti Mainio','FI49509420028744','OKOYFIHH','','Siirto 14',-214.00,1,1,'2018-10-07 20:16:25',NULL),(66,'Matti Mainio','FI49509420028744','OKOYFIHH','','Siirto 15',-215.00,1,1,'2018-10-07 20:16:25',NULL),(67,'Matti Mainio','FI49509420028744','OKOYFIHH','','Siirto 16',-216.00,1,1,'2018-10-07 20:16:25',NULL),(68,'Matti Mainio','FI49509420028744','OKOYFIHH','','Siirto 17',-217.00,1,1,'2018-10-07 20:16:25',NULL),(69,'Matti Mainio','FI49509420028744','OKOYFIHH','','Siirto 18',-218.00,1,1,'2018-10-07 20:16:25',NULL),(70,'Matti Mainio','FI49509420028744','OKOYFIHH','','Siirto 19',-219.00,1,1,'2018-10-07 20:16:25',NULL),(71,'Matti Mainio','FI49509420028744','OKOYFIHH','','Siirto 20',-220.00,1,1,'2018-10-07 20:16:25',NULL),(72,'Matti Mainio','FI49509420028744','OKOYFIHH','','Siirto 21',-221.00,1,1,'2018-10-07 20:16:25',NULL),(73,'Matti Mainio','FI49509420028744','OKOYFIHH','','Siirto 22',-222.00,1,1,'2018-10-07 20:16:25',NULL),(74,'Matti Mainio','FI49509420028744','OKOYFIHH','','Siirto 23',-223.00,1,1,'2018-10-07 20:16:25',NULL),(75,'Matti Mainio','FI49509420028744','OKOYFIHH','','Siirto 24',-224.00,1,1,'2018-10-07 20:16:25',NULL),(76,'Matti Mainio','FI49509420028744','OKOYFIHH','','Siirto 25',-225.00,1,1,'2018-10-07 20:16:25',NULL),(77,'Matti Mainio','FI49509420028744','OKOYFIHH','','Siirto 26',-226.00,1,1,'2018-10-07 20:16:25',NULL),(78,'Matti Mainio','FI49509420028744','OKOYFIHH','','Siirto 27',-227.00,1,1,'2018-10-07 20:16:25',NULL),(79,'Matti Mainio','FI49509420028744','OKOYFIHH','','Siirto 28',-228.00,1,1,'2018-10-07 20:16:25',NULL),(80,'Matti Mainio','FI49509420028744','OKOYFIHH','','Siirto 29',-229.00,1,1,'2018-10-07 20:16:25',NULL),(81,'Matti Mainio','FI49509420028744','OKOYFIHH','','Siirto 30',-230.00,1,1,'2018-10-07 20:16:25',NULL),(82,'Matti Mainio','FI49509420028744','OKOYFIHH','','Siirto 31',-231.00,1,1,'2018-10-07 20:16:25',NULL),(83,'Matti Mainio','FI49509420028744','OKOYFIHH','','Siirto 32',-232.00,1,1,'2018-10-07 20:16:25',NULL),(84,'Matti Mainio','FI49509420028744','OKOYFIHH','','Siirto 33',-233.00,1,1,'2018-10-07 20:16:25',NULL),(85,'Matti Mainio','FI49509420028744','OKOYFIHH','','Siirto 34',-234.00,1,1,'2018-10-07 20:16:25',NULL),(86,'Matti Mainio','FI49509420028744','OKOYFIHH','','Siirto 35',-235.00,1,1,'2018-10-07 20:16:25',NULL),(87,'Matti Mainio','FI49509420028744','OKOYFIHH','','Siirto 36',-236.00,1,1,'2018-10-07 20:16:25',NULL),(88,'Matti Mainio','FI49509420028744','OKOYFIHH','','Siirto 37',-237.00,1,1,'2018-10-07 20:16:25',NULL),(89,'Matti Mainio','FI49509420028744','OKOYFIHH','','Siirto 38',-238.00,1,1,'2018-10-07 20:16:25',NULL),(90,'Matti Mainio','FI49509420028744','OKOYFIHH','','Siirto 39',-239.00,1,1,'2018-10-07 20:16:25',NULL),(91,'Matti Mainio','FI49509420028744','OKOYFIHH','','Siirto 40',-240.00,1,1,'2018-10-07 20:16:25',NULL),(92,'Matti Mainio','FI49509420028744','OKOYFIHH','','Siirto 41',-241.00,1,1,'2018-10-07 20:16:25',NULL),(93,'Matti Mainio','FI49509420028744','OKOYFIHH','','Siirto 42',-242.00,1,1,'2018-10-07 20:16:25',NULL),(94,'Matti Mainio','FI49509420028744','OKOYFIHH','','Siirto 43',-243.00,1,1,'2018-10-07 20:16:25',NULL),(95,'Matti Mainio','FI49509420028744','OKOYFIHH','','Siirto 44',-244.00,1,1,'2018-10-07 20:16:25',NULL),(96,'Matti Mainio','FI49509420028744','OKOYFIHH','','Siirto 45',-245.00,1,1,'2018-10-07 20:16:25',NULL),(97,'Matti Mainio','FI49509420028744','OKOYFIHH','','Siirto 46',-246.00,1,1,'2018-10-07 20:16:25',NULL),(98,'Matti Mainio','FI49509420028744','OKOYFIHH','','Siirto 47',-247.00,1,1,'2018-10-07 20:16:25',NULL),(99,'Matti Mainio','FI49509420028744','OKOYFIHH','','Siirto 48',-248.00,1,1,'2018-10-07 20:16:25',NULL),(100,'Matti Mainio','FI49509420028744','OKOYFIHH','','Siirto 49',-249.00,1,1,'2018-10-07 20:16:25',NULL),(101,'Matti Mainio','FI49509420028744','OKOYFIHH','','Siirto 50',-250.00,1,1,'2018-10-07 20:16:25',NULL),(102,'Matti Mainio','FI49509420028744','OKOYFIHH','','Siirto 51',-251.00,1,1,'2018-10-07 20:16:25',NULL),(103,'Matti Mainio','FI49509420028744','OKOYFIHH','','Siirto 52',-252.00,1,1,'2018-10-07 20:16:25',NULL),(104,'Matti Mainio','FI49509420028744','OKOYFIHH','','Siirto 53',-253.00,1,1,'2018-10-07 20:16:25',NULL),(105,'Matti Mainio','FI49509420028744','OKOYFIHH','','Siirto 54',-254.00,1,1,'2018-10-07 20:16:25',NULL),(106,'Matti Mainio','FI49509420028744','OKOYFIHH','','Siirto 55',-255.00,1,1,'2018-10-07 20:16:25',NULL),(107,'Matti Mainio','FI49509420028744','OKOYFIHH','','Siirto 56',-256.00,1,1,'2018-10-07 20:16:25',NULL),(108,'Matti Mainio','FI49509420028744','OKOYFIHH','','Siirto 57',-257.00,1,1,'2018-10-07 20:16:25',NULL),(109,'Matti Mainio','FI49509420028744','OKOYFIHH','','Siirto 58',-258.00,1,1,'2018-10-07 20:16:25',NULL),(110,'Matti Mainio','FI49509420028744','OKOYFIHH','','Siirto 59',-259.00,1,1,'2018-10-07 20:16:25',NULL),(111,'Matti Mainio','FI49509420028744','OKOYFIHH','','Siirto 60',-260.00,1,1,'2018-10-07 20:16:25',NULL),(112,'Matti Mainio','FI49509420028744','OKOYFIHH','','Siirto 61',-261.00,1,1,'2018-10-07 20:16:25',NULL),(113,'Matti Mainio','FI49509420028744','OKOYFIHH','','Siirto 62',-262.00,1,1,'2018-10-07 20:16:25',NULL),(114,'Matti Mainio','FI49509420028744','OKOYFIHH','','Siirto 63',-263.00,1,1,'2018-10-07 20:16:25',NULL),(115,'Matti Mainio','FI49509420028744','OKOYFIHH','','Siirto 64',-264.00,1,1,'2018-10-07 20:16:25',NULL),(116,'Matti Mainio','FI49509420028744','OKOYFIHH','','Siirto 65',-265.00,1,1,'2018-10-07 20:16:25',NULL),(117,'Matti Mainio','FI49509420028744','OKOYFIHH','','Siirto 66',-266.00,1,1,'2018-10-07 20:16:25',NULL),(118,'Matti Mainio','FI49509420028744','OKOYFIHH','','Siirto 67',-267.00,1,1,'2018-10-07 20:16:25',NULL),(119,'Matti Mainio','FI49509420028744','OKOYFIHH','','Siirto 68',-268.00,1,1,'2018-10-07 20:16:25',NULL),(120,'Matti Mainio','FI49509420028744','OKOYFIHH','','Siirto 69',-269.00,1,1,'2018-10-07 20:16:25',NULL),(121,'Matti Mainio','FI49509420028744','OKOYFIHH','','Siirto 70',-270.00,1,1,'2018-10-07 20:16:25',NULL),(122,'Matti Mainio','FI49509420028744','OKOYFIHH','','Siirto 71',-271.00,1,1,'2018-10-07 20:16:25',NULL),(123,'Matti Mainio','FI49509420028744','OKOYFIHH','','Siirto 72',-272.00,1,1,'2018-10-07 20:16:25',NULL),(124,'Matti Mainio','FI49509420028744','OKOYFIHH','','Siirto 73',-273.00,1,1,'2018-10-07 20:16:25',NULL),(125,'Matti Mainio','FI49509420028744','OKOYFIHH','','Siirto 74',-274.00,1,1,'2018-10-07 20:16:25',NULL),(126,'Matti Mainio','FI49509420028744','OKOYFIHH','','Siirto 75',-275.00,1,1,'2018-10-07 20:16:25',NULL),(127,'Matti Mainio','FI49509420028744','OKOYFIHH','','Siirto 76',-276.00,1,1,'2018-10-07 20:16:25',NULL),(128,'Matti Mainio','FI49509420028744','OKOYFIHH','','Siirto 77',-277.00,1,1,'2018-10-07 20:16:25',NULL),(129,'Matti Mainio','FI49509420028744','OKOYFIHH','','Siirto 78',-278.00,1,1,'2018-10-07 20:16:25',NULL),(130,'Matti Mainio','FI49509420028744','OKOYFIHH','','Siirto 79',-279.00,1,1,'2018-10-07 20:16:25',NULL),(131,'Matti Mainio','FI49509420028744','OKOYFIHH','','Siirto 80',-280.00,1,1,'2018-10-07 20:16:25',NULL),(132,'Matti Mainio','FI49509420028744','OKOYFIHH','','Siirto 81',-281.00,1,1,'2018-10-07 20:16:25',NULL),(133,'Matti Mainio','FI49509420028744','OKOYFIHH','','Siirto 82',-282.00,1,1,'2018-10-07 20:16:25',NULL),(134,'Matti Mainio','FI49509420028744','OKOYFIHH','','Siirto 83',-283.00,1,1,'2018-10-07 20:16:25',NULL),(135,'Matti Mainio','FI49509420028744','OKOYFIHH','','Siirto 84',-284.00,1,1,'2018-10-07 20:16:25',NULL),(136,'Matti Mainio','FI49509420028744','OKOYFIHH','','Siirto 85',-285.00,1,1,'2018-10-07 20:16:25',NULL),(137,'Matti Mainio','FI49509420028744','OKOYFIHH','','Siirto 86',-286.00,1,1,'2018-10-07 20:16:25',NULL),(138,'Matti Mainio','FI49509420028744','OKOYFIHH','','Siirto 87',-287.00,1,1,'2018-10-07 20:16:25',NULL),(139,'Matti Mainio','FI49509420028744','OKOYFIHH','','Siirto 88',-288.00,1,1,'2018-10-07 20:16:25',NULL),(140,'Matti Mainio','FI49509420028744','OKOYFIHH','','Siirto 89',-289.00,1,1,'2018-10-07 20:16:25',NULL),(141,'Matti Mainio','FI49509420028744','OKOYFIHH','','Siirto 90',-290.00,1,1,'2018-10-07 20:16:25',NULL),(142,'Matti Mainio','FI49509420028744','OKOYFIHH','','Siirto 91',-291.00,1,1,'2018-10-07 20:16:25',NULL),(143,'Matti Mainio','FI49509420028744','OKOYFIHH','','Siirto 92',-292.00,1,1,'2018-10-07 20:16:25',NULL),(144,'Matti Mainio','FI49509420028744','OKOYFIHH','','Siirto 93',-293.00,1,1,'2018-10-07 20:16:25',NULL),(145,'Matti Mainio','FI49509420028744','OKOYFIHH','','Siirto 94',-294.00,1,1,'2018-10-07 20:16:25',NULL),(146,'Matti Mainio','FI49509420028744','OKOYFIHH','','Siirto 95',-295.00,1,1,'2018-10-07 20:16:25',NULL),(147,'Matti Mainio','FI49509420028744','OKOYFIHH','','Siirto 96',-296.00,1,1,'2018-10-07 20:16:25',NULL),(148,'Matti Mainio','FI49509420028744','OKOYFIHH','','Siirto 97',-297.00,1,1,'2018-10-07 20:16:25',NULL),(149,'Matti Mainio','FI49509420028744','OKOYFIHH','','Siirto 98',-298.00,1,1,'2018-10-07 20:16:25',NULL),(150,'Matti Mainio','FI49509420028744','OKOYFIHH','','Siirto 99',-299.00,1,1,'2018-10-07 20:16:25',NULL),(151,'Matti Mainio','FI49509420028744','OKOYFIHH','','Siirto 100',-2100.00,1,1,'2018-10-07 20:16:25',NULL),(152,'Matti Mainio','FI49509420028744','OKOYFIHH','','Siirto 101',-2101.00,1,1,'2018-10-07 20:16:25',NULL),(153,'Matti Mainio','FI49509420028744','OKOYFIHH','','Siirto 102',-2102.00,1,1,'2018-10-07 20:16:25',NULL),(154,'Matti Mainio','FI49509420028744','OKOYFIHH','','Siirto 103',-2103.00,1,1,'2018-10-07 20:16:25',NULL),(155,'Matti Mainio','FI49509420028744','OKOYFIHH','','Siirto 104',-2104.00,1,1,'2018-10-07 20:16:25',NULL),(156,'Matti Mainio','FI49509420028744','OKOYFIHH','','Siirto 105',-2105.00,1,1,'2018-10-07 20:16:25',NULL),(157,'Matti Mainio','FI49509420028744','OKOYFIHH','','Siirto 106',-2106.00,1,1,'2018-10-07 20:16:25',NULL),(158,'Matti Mainio','FI49509420028744','OKOYFIHH','','Siirto 107',-2107.00,1,1,'2018-10-07 20:16:25',NULL),(159,'Matti Mainio','FI49509420028744','OKOYFIHH','','Siirto 108',-2108.00,1,1,'2018-10-07 20:16:25',NULL),(160,'Matti Mainio','FI49509420028744','OKOYFIHH','','Siirto 109',-2109.00,1,1,'2018-10-07 20:16:25',NULL),(161,'Matti Mainio','FI49509420028744','OKOYFIHH','','Siirto 110',-2110.00,1,1,'2018-10-07 20:16:25',NULL),(162,'Matti Mainio','FI49509420028744','OKOYFIHH','','Siirto 111',-2111.00,1,1,'2018-10-07 20:16:25',NULL),(163,'Matti Mainio','FI49509420028744','OKOYFIHH','','Siirto 112',-2112.00,1,1,'2018-10-07 20:16:25',NULL),(164,'Matti Mainio','FI49509420028744','OKOYFIHH','','Siirto 113',-2113.00,1,1,'2018-10-07 20:16:25',NULL),(165,'Matti Mainio','FI49509420028744','OKOYFIHH','','Siirto 114',-2114.00,1,1,'2018-10-07 20:16:25',NULL),(166,'Matti Mainio','FI49509420028744','OKOYFIHH','','Siirto 115',-2115.00,1,1,'2018-10-07 20:16:25',NULL),(167,'Matti Mainio','FI49509420028744','OKOYFIHH','','Siirto 116',-2116.00,1,1,'2018-10-07 20:16:25',NULL),(168,'Matti Mainio','FI49509420028744','OKOYFIHH','','Siirto 117',-2117.00,1,1,'2018-10-07 20:16:25',NULL),(169,'Matti Mainio','FI49509420028744','OKOYFIHH','','Siirto 118',-2118.00,1,1,'2018-10-07 20:16:25',NULL),(170,'Matti Mainio','FI49509420028744','OKOYFIHH','','Siirto 119',-2119.00,1,1,'2018-10-07 20:16:25',NULL),(171,'Matti Mainio','FI49509420028744','OKOYFIHH','','Siirto 120',-2120.00,1,1,'2018-10-07 20:16:25',NULL),(172,'Matti Mainio','FI49509420028744','OKOYFIHH','','Siirto 121',-2121.00,1,1,'2018-10-07 20:16:25',NULL),(173,'Matti Mainio','FI49509420028744','OKOYFIHH','','Siirto 122',-2122.00,1,1,'2018-10-07 20:16:25',NULL),(174,'Matti Mainio','FI49509420028744','OKOYFIHH','','Siirto 123',-2123.00,1,1,'2018-10-07 20:16:25',NULL),(175,'Matti Mainio','FI49509420028744','OKOYFIHH','','Siirto 124',-2124.00,1,1,'2018-10-07 20:16:25',NULL),(176,'Matti Mainio','FI49509420028744','OKOYFIHH','','Siirto 125',-2125.00,1,1,'2018-10-07 20:16:25',NULL),(177,'Matti Mainio','FI49509420028744','OKOYFIHH','','Siirto 126',-2126.00,1,1,'2018-10-07 20:16:25',NULL),(178,'Matti Mainio','FI49509420028744','OKOYFIHH','','Siirto 127',-2127.00,1,1,'2018-10-07 20:16:25',NULL),(179,'Matti Mainio','FI49509420028744','OKOYFIHH','','Siirto 128',-2128.00,1,1,'2018-10-07 20:16:25',NULL),(180,'Matti Mainio','FI49509420028744','OKOYFIHH','','Siirto 129',-2129.00,1,1,'2018-10-07 20:16:25',NULL),(181,'Matti Mainio','FI49509420028744','OKOYFIHH','','Siirto 130',-2130.00,1,1,'2018-10-07 20:16:25',NULL),(182,'Matti Mainio','FI49509420028744','OKOYFIHH','','Siirto 131',-2131.00,1,1,'2018-10-07 20:16:25',NULL),(183,'Matti Mainio','FI49509420028744','OKOYFIHH','','Siirto 132',-2132.00,1,1,'2018-10-07 20:16:25',NULL),(184,'Matti Mainio','FI49509420028744','OKOYFIHH','','Siirto 133',-2133.00,1,1,'2018-10-07 20:16:25',NULL),(185,'Matti Mainio','FI49509420028744','OKOYFIHH','','Siirto 134',-2134.00,1,1,'2018-10-07 20:16:25',NULL),(186,'Matti Mainio','FI49509420028744','OKOYFIHH','','Siirto 135',-2135.00,1,1,'2018-10-07 20:16:25',NULL),(187,'Matti Mainio','FI49509420028744','OKOYFIHH','','Siirto 136',-2136.00,1,1,'2018-10-07 20:16:25',NULL),(188,'Matti Mainio','FI49509420028744','OKOYFIHH','','Siirto 137',-2137.00,1,1,'2018-10-07 20:16:25',NULL),(189,'Matti Mainio','FI49509420028744','OKOYFIHH','','Siirto 138',-2138.00,1,1,'2018-10-07 20:16:25',NULL),(190,'Matti Mainio','FI49509420028744','OKOYFIHH','','Siirto 139',-2139.00,1,1,'2018-10-07 20:16:25',NULL),(191,'Matti Mainio','FI49509420028744','OKOYFIHH','','Siirto 140',-2140.00,1,1,'2018-10-07 20:16:25',NULL),(192,'Matti Mainio','FI49509420028744','OKOYFIHH','','Siirto 141',-2141.00,1,1,'2018-10-07 20:16:25',NULL),(193,'Matti Mainio','FI49509420028744','OKOYFIHH','','Siirto 142',-2142.00,1,1,'2018-10-07 20:16:25',NULL),(194,'Matti Mainio','FI49509420028744','OKOYFIHH','','Siirto 143',-2143.00,1,1,'2018-10-07 20:16:25',NULL),(195,'Matti Mainio','FI49509420028744','OKOYFIHH','','Siirto 144',-2144.00,1,1,'2018-10-07 20:16:25',NULL),(196,'Matti Mainio','FI49509420028744','OKOYFIHH','','Siirto 145',-2145.00,1,1,'2018-10-07 20:16:25',NULL),(197,'Matti Mainio','FI49509420028744','OKOYFIHH','','Siirto 146',-2146.00,1,1,'2018-10-07 20:16:25',NULL),(198,'Matti Mainio','FI49509420028744','OKOYFIHH','','Siirto 147',-2147.00,1,1,'2018-10-07 20:16:25',NULL),(199,'Matti Mainio','FI49509420028744','OKOYFIHH','','Siirto 148',-2148.00,1,1,'2018-10-07 20:16:25',NULL),(200,'Matti Mainio','FI49509420028744','OKOYFIHH','','Siirto 149',-2149.00,1,1,'2018-10-07 20:16:25',NULL),(201,'Matti Mainio','FI49509420028744','OKOYFIHH','','Siirto 150',-2150.00,1,1,'2018-10-07 20:16:25',NULL),(202,'Matti Mainio','FI49509420028744','OKOYFIHH','','Siirto 151',-2151.00,1,1,'2018-10-07 20:16:25',NULL),(203,'Matti Mainio','FI49509420028744','OKOYFIHH','','Siirto 152',-2152.00,1,1,'2018-10-07 20:16:25',NULL),(204,'Matti Mainio','FI49509420028744','OKOYFIHH','','Siirto 153',-2153.00,1,1,'2018-10-07 20:16:25',NULL),(205,'Matti Mainio','FI49509420028744','OKOYFIHH','','Siirto 154',-2154.00,1,1,'2018-10-07 20:16:25',NULL),(206,'Matti Mainio','FI49509420028744','OKOYFIHH','','Siirto 155',-2155.00,1,1,'2018-10-07 20:16:25',NULL),(207,'Matti Mainio','FI49509420028744','OKOYFIHH','','Siirto 156',-2156.00,1,1,'2018-10-07 20:16:25',NULL),(208,'Matti Mainio','FI49509420028744','OKOYFIHH','','Siirto 157',-2157.00,1,1,'2018-10-07 20:16:25',NULL),(209,'Matti Mainio','FI49509420028744','OKOYFIHH','','Siirto 158',-2158.00,1,1,'2018-10-07 20:16:25',NULL),(210,'Matti Mainio','FI49509420028744','OKOYFIHH','','Siirto 159',-2159.00,1,1,'2018-10-07 20:16:25',NULL),(211,'Matti Mainio','FI49509420028744','OKOYFIHH','','Siirto 160',-2160.00,1,1,'2018-10-07 20:16:25',NULL),(212,'Matti Mainio','FI49509420028744','OKOYFIHH','','Siirto 161',-2161.00,1,1,'2018-10-07 20:16:25',NULL),(213,'Matti Mainio','FI49509420028744','OKOYFIHH','','Siirto 162',-2162.00,1,1,'2018-10-07 20:16:25',NULL),(214,'Matti Mainio','FI49509420028744','OKOYFIHH','','Siirto 163',-2163.00,1,1,'2018-10-07 20:16:25',NULL),(215,'Matti Mainio','FI49509420028744','OKOYFIHH','','Siirto 164',-2164.00,1,1,'2018-10-07 20:16:25',NULL),(216,'Matti Mainio','FI49509420028744','OKOYFIHH','','Siirto 165',-2165.00,1,1,'2018-10-07 20:16:25',NULL),(217,'Matti Mainio','FI49509420028744','OKOYFIHH','','Siirto 166',-2166.00,1,1,'2018-10-07 20:16:25',NULL),(218,'Matti Mainio','FI49509420028744','OKOYFIHH','','Siirto 167',-2167.00,1,1,'2018-10-07 20:16:25',NULL),(219,'Matti Mainio','FI49509420028744','OKOYFIHH','','Siirto 168',-2168.00,1,1,'2018-10-07 20:16:25',NULL),(220,'Matti Mainio','FI49509420028744','OKOYFIHH','','Siirto 169',-2169.00,1,1,'2018-10-07 20:16:25',NULL),(221,'Matti Mainio','FI49509420028744','OKOYFIHH','','Siirto 170',-2170.00,1,1,'2018-10-07 20:16:25',NULL),(222,'Matti Mainio','FI49509420028744','OKOYFIHH','','Siirto 171',-2171.00,1,1,'2018-10-07 20:16:25',NULL),(223,'Matti Mainio','FI49509420028744','OKOYFIHH','','Siirto 172',-2172.00,1,1,'2018-10-07 20:16:25',NULL),(224,'Matti Mainio','FI49509420028744','OKOYFIHH','','Siirto 173',-2173.00,1,1,'2018-10-07 20:16:25',NULL),(225,'Matti Mainio','FI49509420028744','OKOYFIHH','','Siirto 174',-2174.00,1,1,'2018-10-07 20:16:25',NULL),(226,'Matti Mainio','FI49509420028744','OKOYFIHH','','Siirto 175',-2175.00,1,1,'2018-10-07 20:16:25',NULL),(227,'Matti Mainio','FI49509420028744','OKOYFIHH','','Siirto 176',-2176.00,1,1,'2018-10-07 20:16:25',NULL),(228,'Matti Mainio','FI49509420028744','OKOYFIHH','','Siirto 177',-2177.00,1,1,'2018-10-07 20:16:25',NULL),(229,'Matti Mainio','FI49509420028744','OKOYFIHH','','Siirto 178',-2178.00,1,1,'2018-10-07 20:16:25',NULL),(230,'Matti Mainio','FI49509420028744','OKOYFIHH','','Siirto 179',-2179.00,1,1,'2018-10-07 20:16:25',NULL),(231,'Matti Mainio','FI49509420028744','OKOYFIHH','','Siirto 180',-2180.00,1,1,'2018-10-07 20:16:25',NULL),(232,'Matti Mainio','FI49509420028744','OKOYFIHH','','Siirto 181',-2181.00,1,1,'2018-10-07 20:16:25',NULL),(233,'Matti Mainio','FI49509420028744','OKOYFIHH','','Siirto 182',-2182.00,1,1,'2018-10-07 20:16:25',NULL),(234,'Matti Mainio','FI49509420028744','OKOYFIHH','','Siirto 183',-2183.00,1,1,'2018-10-07 20:16:25',NULL),(235,'Matti Mainio','FI49509420028744','OKOYFIHH','','Siirto 184',-2184.00,1,1,'2018-10-07 20:16:25',NULL),(236,'Matti Mainio','FI49509420028744','OKOYFIHH','','Siirto 185',-2185.00,1,1,'2018-10-07 20:16:25',NULL),(237,'Matti Mainio','FI49509420028744','OKOYFIHH','','Siirto 186',-2186.00,1,1,'2018-10-07 20:16:25',NULL),(238,'Matti Mainio','FI49509420028744','OKOYFIHH','','Siirto 187',-2187.00,1,1,'2018-10-07 20:16:25',NULL),(239,'Matti Mainio','FI49509420028744','OKOYFIHH','','Siirto 188',-2188.00,1,1,'2018-10-07 20:16:25',NULL),(240,'Matti Mainio','FI49509420028744','OKOYFIHH','','Siirto 189',-2189.00,1,1,'2018-10-07 20:16:25',NULL),(241,'Matti Mainio','FI49509420028744','OKOYFIHH','','Siirto 190',-2190.00,1,1,'2018-10-07 20:16:25',NULL),(242,'Matti Mainio','FI49509420028744','OKOYFIHH','','Siirto 191',-2191.00,1,1,'2018-10-07 20:16:25',NULL),(243,'Matti Mainio','FI49509420028744','OKOYFIHH','','Siirto 192',-2192.00,1,1,'2018-10-07 20:16:25',NULL),(244,'Matti Mainio','FI49509420028744','OKOYFIHH','','Siirto 193',-2193.00,1,1,'2018-10-07 20:16:25',NULL),(245,'Matti Mainio','FI49509420028744','OKOYFIHH','','Siirto 194',-2194.00,1,1,'2018-10-07 20:16:25',NULL),(246,'Matti Mainio','FI49509420028744','OKOYFIHH','','Siirto 195',-2195.00,1,1,'2018-10-07 20:16:25',NULL),(247,'Matti Mainio','FI49509420028744','OKOYFIHH','','Siirto 196',-2196.00,1,1,'2018-10-07 20:16:25',NULL),(248,'Matti Mainio','FI49509420028744','OKOYFIHH','','Siirto 197',-2197.00,1,1,'2018-10-07 20:16:25',NULL),(249,'Matti Mainio','FI49509420028744','OKOYFIHH','','Siirto 198',-2198.00,1,1,'2018-10-07 20:16:25',NULL),(250,'Matti Mainio','FI49509420028744','OKOYFIHH','','Siirto 199',-2199.00,1,1,'2018-10-07 20:16:25',NULL),(251,'Matti Mainio','FI49509420028744','OKOYFIHH','','Siirto 200',-2200.00,1,1,'2018-10-07 20:16:25',NULL),(252,'Matti Mainio','FI49509420028744','OKOYFIHH','','Siirto 201',-2201.00,1,1,'2018-10-07 20:16:25',NULL),(253,'Matti Mainio','FI49509420028744','OKOYFIHH','','Siirto 202',-2202.00,1,1,'2018-10-07 20:16:25',NULL),(254,'Matti Mainio','FI49509420028744','OKOYFIHH','','Siirto 203',-2203.00,1,1,'2018-10-07 20:16:25',NULL),(255,'Matti Mainio','FI49509420028744','OKOYFIHH','','Siirto 204',-2204.00,1,1,'2018-10-07 20:16:25',NULL),(256,'Matti Mainio','FI49509420028744','OKOYFIHH','','Siirto 205',-2205.00,1,1,'2018-10-07 20:16:25',NULL),(257,'Matti Mainio','FI49509420028744','OKOYFIHH','','Siirto 206',-2206.00,1,1,'2018-10-07 20:16:25',NULL),(258,'Matti Mainio','FI49509420028744','OKOYFIHH','','Siirto 207',-2207.00,1,1,'2018-10-07 20:16:25',NULL),(259,'Matti Mainio','FI49509420028744','OKOYFIHH','','Siirto 208',-2208.00,1,1,'2018-10-07 20:16:25',NULL),(260,'Matti Mainio','FI49509420028744','OKOYFIHH','','Siirto 209',-2209.00,1,1,'2018-10-07 20:16:25',NULL),(261,'Matti Mainio','FI49509420028744','OKOYFIHH','','Siirto 210',-2210.00,1,1,'2018-10-07 20:16:25',NULL),(262,'Matti Mainio','FI49509420028744','OKOYFIHH','','Siirto 211',-2211.00,1,1,'2018-10-07 20:16:25',NULL),(263,'Matti Mainio','FI49509420028744','OKOYFIHH','','Siirto 212',-2212.00,1,1,'2018-10-07 20:16:25',NULL),(264,'Matti Mainio','FI49509420028744','OKOYFIHH','','Siirto 213',-2213.00,1,1,'2018-10-07 20:16:25',NULL),(265,'Matti Mainio','FI49509420028744','OKOYFIHH','','Siirto 214',-2214.00,1,1,'2018-10-07 20:16:25',NULL),(266,'Matti Mainio','FI49509420028744','OKOYFIHH','','Siirto 215',-2215.00,1,1,'2018-10-07 20:16:25',NULL),(267,'Matti Mainio','FI49509420028744','OKOYFIHH','','Siirto 216',-2216.00,1,1,'2018-10-07 20:16:25',NULL),(268,'Matti Mainio','FI49509420028744','OKOYFIHH','','Siirto 217',-2217.00,1,1,'2018-10-07 20:16:25',NULL),(269,'Matti Mainio','FI49509420028744','OKOYFIHH','','Siirto 218',-2218.00,1,1,'2018-10-07 20:16:25',NULL),(270,'Matti Mainio','FI49509420028744','OKOYFIHH','','Siirto 219',-2219.00,1,1,'2018-10-07 20:16:25',NULL),(271,'Matti Mainio','FI49509420028744','OKOYFIHH','','Siirto 220',-2220.00,1,1,'2018-10-07 20:16:25',NULL),(272,'Matti Mainio','FI49509420028744','OKOYFIHH','','Siirto 221',-2221.00,1,1,'2018-10-07 20:16:25',NULL),(273,'Matti Mainio','FI49509420028744','OKOYFIHH','','Siirto 222',-2222.00,1,1,'2018-10-07 20:16:25',NULL),(274,'Matti Mainio','FI49509420028744','OKOYFIHH','','Siirto 223',-2223.00,1,1,'2018-10-07 20:16:25',NULL),(275,'Matti Mainio','FI49509420028744','OKOYFIHH','','Siirto 224',-2224.00,1,1,'2018-10-07 20:16:25',NULL),(276,'Matti Mainio','FI49509420028744','OKOYFIHH','','Siirto 225',-2225.00,1,1,'2018-10-07 20:16:25',NULL),(277,'Matti Mainio','FI49509420028744','OKOYFIHH','','Siirto 226',-2226.00,1,1,'2018-10-07 20:16:25',NULL),(278,'Matti Mainio','FI49509420028744','OKOYFIHH','','Siirto 227',-2227.00,1,1,'2018-10-07 20:16:25',NULL),(279,'Matti Mainio','FI49509420028744','OKOYFIHH','','Siirto 228',-2228.00,1,1,'2018-10-07 20:16:25',NULL),(280,'Matti Mainio','FI49509420028744','OKOYFIHH','','Siirto 229',-2229.00,1,1,'2018-10-07 20:16:25',NULL),(281,'Matti Mainio','FI49509420028744','OKOYFIHH','','Siirto 230',-2230.00,1,1,'2018-10-07 20:16:25',NULL),(282,'Matti Mainio','FI49509420028744','OKOYFIHH','','Siirto 231',-2231.00,1,1,'2018-10-07 20:16:25',NULL),(283,'Matti Mainio','FI49509420028744','OKOYFIHH','','Siirto 232',-2232.00,1,1,'2018-10-07 20:16:25',NULL),(284,'Matti Mainio','FI49509420028744','OKOYFIHH','','Siirto 233',-2233.00,1,1,'2018-10-07 20:16:25',NULL),(285,'Matti Mainio','FI49509420028744','OKOYFIHH','','Siirto 234',-2234.00,1,1,'2018-10-07 20:16:25',NULL),(286,'Matti Mainio','FI49509420028744','OKOYFIHH','','Siirto 235',-2235.00,1,1,'2018-10-07 20:16:25',NULL),(287,'Matti Mainio','FI49509420028744','OKOYFIHH','','Siirto 236',-2236.00,1,1,'2018-10-07 20:16:25',NULL),(288,'Matti Mainio','FI49509420028744','OKOYFIHH','','Siirto 237',-2237.00,1,1,'2018-10-07 20:16:25',NULL),(289,'Matti Mainio','FI49509420028744','OKOYFIHH','','Siirto 238',-2238.00,1,1,'2018-10-07 20:16:25',NULL),(290,'Matti Mainio','FI49509420028744','OKOYFIHH','','Siirto 239',-2239.00,1,1,'2018-10-07 20:16:25',NULL),(291,'Matti Mainio','FI49509420028744','OKOYFIHH','','Siirto 240',-2240.00,1,1,'2018-10-07 20:16:25',NULL),(292,'Matti Mainio','FI49509420028744','OKOYFIHH','','Siirto 241',-2241.00,1,1,'2018-10-07 20:16:25',NULL),(293,'Matti Mainio','FI49509420028744','OKOYFIHH','','Siirto 242',-2242.00,1,1,'2018-10-07 20:16:25',NULL),(294,'Matti Mainio','FI49509420028744','OKOYFIHH','','Siirto 243',-2243.00,1,1,'2018-10-07 20:16:25',NULL),(295,'Matti Mainio','FI49509420028744','OKOYFIHH','','Siirto 244',-2244.00,1,1,'2018-10-07 20:16:25',NULL),(296,'Matti Mainio','FI49509420028744','OKOYFIHH','','Siirto 245',-2245.00,1,1,'2018-10-07 20:16:25',NULL),(297,'Matti Mainio','FI49509420028744','OKOYFIHH','','Siirto 246',-2246.00,1,1,'2018-10-07 20:16:25',NULL),(298,'Matti Mainio','FI49509420028744','OKOYFIHH','','Siirto 247',-2247.00,1,1,'2018-10-07 20:16:25',NULL),(299,'Matti Mainio','FI49509420028744','OKOYFIHH','','Siirto 248',-2248.00,1,1,'2018-10-07 20:16:25',NULL),(300,'Matti Mainio','FI49509420028744','OKOYFIHH','','Siirto 249',-2249.00,1,1,'2018-10-07 20:16:25',NULL),(301,'Matti Mainio','FI49509420028744','OKOYFIHH','','Siirto 250',-2250.00,1,1,'2018-10-07 20:16:25',NULL),(302,'Matti Mainio','FI49509420028744','OKOYFIHH','','Siirto 251',-2251.00,1,1,'2018-10-07 20:16:25',NULL),(303,'Matti Mainio','FI49509420028744','OKOYFIHH','','Siirto 252',-2252.00,1,1,'2018-10-07 20:16:25',NULL),(304,'Matti Mainio','FI49509420028744','OKOYFIHH','','Siirto 253',-2253.00,1,1,'2018-10-07 20:16:25',NULL),(305,'Matti Mainio','FI49509420028744','OKOYFIHH','','Siirto 254',-2254.00,1,1,'2018-10-07 20:16:25',NULL),(306,'Tom Jablonski','FI4347564758676128','APANKKI','','rahaa',-100.00,2,3,'2018-10-07 08:25:07','2007-10-20'),(307,'Tom Jablonski','FI4347564758654889','APANKKI','','rahaa',100.00,1,3,'2018-10-07 08:25:07','2007-10-20'),(308,'Tom Jablonski','FI4347564758654889','APANKKI','','',-500.00,1,3,'2018-10-09 12:22:35','2009-10-20'),(309,'Tom Jablonski','FI4347564758676128','APANKKI','','',500.00,2,3,'2018-10-09 12:22:35','2009-10-20'),(310,'Tom Jablonski','FI4347564758676128','APANKKI','','',-500.00,2,3,'2018-10-09 12:44:22','2009-10-20'),(311,'Tom Jablonski','FI4347564758654889','APANKKI','','',500.00,1,3,'2018-10-09 12:44:22','2009-10-20');
/*!40000 ALTER TABLE `tilitapahtumat` ENABLE KEYS */;
UNLOCK TABLES;

--
-- Table structure for table `tunnarit`
--

DROP TABLE IF EXISTS `tunnarit`;
/*!40101 SET @saved_cs_client     = @@character_set_client */;
/*!40101 SET character_set_client = utf8 */;
CREATE TABLE `tunnarit` (
  `asiakasID` int(11) NOT NULL AUTO_INCREMENT,
  `kayttajatunnus` varchar(45) DEFAULT NULL,
  `passu` varchar(45) DEFAULT NULL,
  UNIQUE KEY `asiakasID_UNIQUE` (`asiakasID`),
  KEY `fk_tunnarit_asiakas1_idx` (`asiakasID`),
  CONSTRAINT `fk_tunnarit_asiakas1` FOREIGN KEY (`asiakasID`) REFERENCES `asiakas` (`asiakasID`) ON DELETE NO ACTION ON UPDATE NO ACTION
) ENGINE=InnoDB AUTO_INCREMENT=9 DEFAULT CHARSET=utf8;
/*!40101 SET character_set_client = @saved_cs_client */;

--
-- Dumping data for table `tunnarit`
--

LOCK TABLES `tunnarit` WRITE;
/*!40000 ALTER TABLE `tunnarit` DISABLE KEYS */;
INSERT INTO `tunnarit` VALUES (1,'yksi','yksi'),(2,'kaksi','kaksi'),(3,'kolme','kolme'),(4,'nelja','nelja'),(5,'viisi','viisi'),(6,'kuusi','kuusi'),(7,'seitseman','seitseman'),(8,'kahdeksan','kahdeksan');
/*!40000 ALTER TABLE `tunnarit` ENABLE KEYS */;
UNLOCK TABLES;
/*!40103 SET TIME_ZONE=@OLD_TIME_ZONE */;

/*!40101 SET SQL_MODE=@OLD_SQL_MODE */;
/*!40014 SET FOREIGN_KEY_CHECKS=@OLD_FOREIGN_KEY_CHECKS */;
/*!40014 SET UNIQUE_CHECKS=@OLD_UNIQUE_CHECKS */;
/*!40101 SET CHARACTER_SET_CLIENT=@OLD_CHARACTER_SET_CLIENT */;
/*!40101 SET CHARACTER_SET_RESULTS=@OLD_CHARACTER_SET_RESULTS */;
/*!40101 SET COLLATION_CONNECTION=@OLD_COLLATION_CONNECTION */;
/*!40111 SET SQL_NOTES=@OLD_SQL_NOTES */;

-- Dump completed on 2018-10-10 18:29:07
